astrom			acrs		acrs1
astrom			acrs		acrs2
astrom			agk3		agk3
astrom			fk4		data50
astrom			fk4		data75
astrom			fk4		descript
astrom			fk4		polar55
astrom			fk4		polar60
astrom			fk4		polar65
astrom			fk4		polar70
astrom			fk4		suppl
astrom			fk5		fk5
astrom			gc		gc
astrom			irs		irs1
astrom			irs		irs2
astrom			nltt		nltt
astrom			nltt		remarks
astrom			parallax	parallax
astrom			perth70		perth70
astrom			perth75		perth75
astrom			pm		notes
astrom			pm		pm
astrom			ppm		desnorth
astrom			ppm		dessouth
astrom			ppm		ppmnorth
astrom			ppm		ppmsouth
astrom			saoj2000	sao
astrom			wds		intro
astrom			wds		notes
astrom			wds		wds
astrom			yalezone	addenda1
astrom			yalezone	addenda2
astrom			yalezone	addenda3
astrom			yalezone	addenda4
astrom			yalezone	addenda5
astrom			yalezone	gcvsstar
astrom			yalezone	notes
astrom			yalezone	wdsstar
astrom			yalezone	yalezone
combined		binorbit	binorbit
combined		binorbit	intro
combined		binorbit	notes
combined		bsc4		bsc4
combined		bsc4		remarks
combined		bsc4		remintro
combined		bsc4s		bsc4s
combined		bsc4s		intro
combined		bsc4s		remarks
combined		bsc5		bsc5
combined		bsc5		remarks
combined		nearbyst	cns3
combined		spbin		sb8
combined		star25pc	star25pc
crossid			openclus	adsidx
crossid			openclus	dmidx
crossid			openclus	gcvsidx
crossid			openclus	hdidx
crossid			openclus	hridx
crossid			openclus	idsidx
crossid			openclus	lsidx
crossid			openclus	lssidx
crossid			openclus	miscidx
crossid			openclus	openclus
crossid			openclus	refs
crossid			openclus	saoidx
crossid			openclus	selidx
crossid			saohddm		dmsort
crossid			saohddm		rasort
crossid			saohddm		saosort
crossid			wdsdmhd		adssort
crossid			wdsdmhd		descript
crossid			wdsdmhd		dmsort
crossid			wdsdmhd		hdsort
crossid			wdsdmhd		namesort
crossid			wdsdmhd		namexidx
crossid			wdsdmhd		position
misc			constell	eq1875
misc			constell	eq2000
misc			findlist	findlist
misc			findlist	remarks
misc			interfer	adsxidx
misc			interfer	bib
misc			interfer	conxidx
misc			interfer	disxidx
misc			interfer	dmxidx
misc			interfer	hrxidx
misc			interfer	interfer
misc			interfer	intro
misc			interfer	new
misc			interfer	notes
misc			interfer	saoxidx
misc			lineids		lineids
misc			poss		poss
nonstell/active		qsoagn		agn
nonstell/active		qsoagn		bllac
nonstell/active		qsoagn		qso
nonstell/active		qsoagn		refs
nonstell/active		seyfert		refs
nonstell/active		seyfert		seyfert
nonstell		asteroid	dis1
nonstell		asteroid	dis1doc
nonstell		asteroid	dis1note
nonstell		asteroid	dis2
nonstell		asteroid	dis2doc
nonstell		asteroid	dis2note
nonstell		asteroid	famdoc
nonstell		asteroid	family
nonstell		asteroid	intro
nonstell		asteroid	lightcrv
nonstell		asteroid	lightdoc
nonstell		asteroid	lightref
nonstell		asteroid	mag-etal
nonstell		asteroid	magdoc
nonstell		asteroid	pole
nonstell		asteroid	poledoc
nonstell		asteroid	poleref
nonstell		asteroid	propdoc
nonstell		asteroid	proper
nonstell		asteroid	taxondoc
nonstell		asteroid	taxonomy
nonstell		asteroid	taxonote
nonstell/clusters	selected	descript
nonstell/clusters	selected	selected
nonstell/galaxies	abzwclus	abell
nonstell/galaxies	abzwclus	zwci
nonstell/galaxies	abzwclus	zwicky
nonstell/galaxies	cgcg		cgcg
nonstell/galaxies	cgcg		headers
nonstell/galaxies	esoupp		esoupp
nonstell/galaxies	esoupp		idrefs
nonstell/galaxies	esoupp		magrefs
nonstell/galaxies	esoupp		notes
nonstell/galaxies	esoupp		plates
nonstell/galaxies	irasgal		assoc
nonstell/galaxies	irasgal		xcat
nonstell/galaxies	irassss		assoc
nonstell/galaxies	irassss		sss
nonstell/galaxies	mcg		mcg
nonstell/galaxies	mcg5		descript
nonstell/galaxies	mcg5		mcg5
nonstell/galaxies	mcg5		refs
nonstell/galaxies	mcg5		remarks
nonstell/galaxies	mercg		mercg
nonstell/galaxies	mercg		refs
nonstell/galaxies	mkn		mkn
nonstell/galaxies	mkn		mknra
nonstell/galaxies	ngc2000		cpyright
nonstell/galaxies	ngc2000		ngc2000
nonstell/galaxies	rc2		rc2
nonstell/galaxies	redshift	redshift
nonstell/galaxies	redshift	zdata
nonstell/galaxies	richclus	north
nonstell/galaxies	richclus	northsur
nonstell/galaxies	richclus	south
nonstell/galaxies	richclus	southsup
nonstell/galaxies	rngc		crossref
nonstell/galaxies	rngc		newnotes
nonstell/galaxies	rngc		oldnotes
nonstell/galaxies	rngc		rngc
nonstell/galaxies	shapames	intro
nonstell/galaxies	shapames	shapames
nonstell/galaxies	ugc		ugc
nonstell/nebulae	hii		hii
nonstell/nebulae	lbn		lbn
nonstell/nebulae	ldn		ldn
nonstell/nebulae	pln		pln
nonstell/nebulae	reflect		reflect
nonstell/nebulae	snr		descript
nonstell/nebulae	snr		snr
nonstell/radio		4c		4c
nonstell/radio		extragal	extragal
nonstell/radio		extragal	refs
nonstell/xray		2a		2a
nonstell/xray		3a		hilat
nonstell/xray		3a		lolat
nonstell/xray		3a		refs
nonstell/xray		4u		4u
photom			11color		11color
photom			11color		refs
photom			13color		13color
photom			ans		ans
photom			cio		cio
photom			cio		index
photom			cio		irasdata
photom			cio		refauth
photom			cio		refchron
photom			cio		sprange
photom			do		do
photom			gcvs		gcvs
photom			geneva		geneva
photom			geneva		notes
photom			gspc		decm15
photom			gspc		decm45
photom			gspc		decm75
photom			gspc		decp15
photom			gspc		decp45
photom			gspc		decp75
photom			gspc		diffaa
photom			gspc		diffal
photom			gspc		diffca
photom			gspc		diffcc
photom			gspc		diffcl
photom			gspc		diffcs
photom			gspc		diffsa
photom			gspc		diffsl
photom			gspc		diffss
photom			gspc		intro
photom			gspc		main
photom			gspc		ref
photom			gspc		rpr
photom			gspc		src
photom			gspc		sus
photom			irasfsc		assoc
photom			irasfsc		fsc
photom			iraspsc		assoc
photom			iraspsc		psc
photom			irasssc		assoc
photom			irasssc		fields
photom			irasssc		overlap
photom			irasssc		sources
photom			landolt		landolt
photom			landolt		remarks
photom			lanz		jo_means
photom			lanz		jo_obs
photom			lanz		jo_refs
photom			lanz		kr_means
photom			lanz		kr_obs
photom			lanz		kr_refs
photom			lanz		mb_means
photom			lanz		mb_obs
photom			lanz		mb_refs
photom			lanz		nc_means
photom			lanz		nc_obs
photom			lanz		nc_refs
photom			lanz		number
photom			lanz		summary
photom			nearby		nearby
photom			nearby		photosys
photom			nearby		refs
photom			nsv		intro
photom			nsv		nsv
photom			nsv		xindex
photom			rafgl		rafgl
photom			rafgl		rafglsup
photom			s201		s201
photom			td1		td1
photom			tmss		chisq
photom			tmss		rasort
photom			tmss		remarks
photom			tmss		tmss
photom			ubv		inconsis
photom			ubv		merged
photom			ubv		number
photom			ubv		refbyjou
photom			ubv		refbynum
photom			ubv		related
photom			ubv		ubv
photom			ubvmeas		number
photom			ubvmeas		ubvmeas
photom			ubvopen		mkref
photom			ubvopen		numref
photom			ubvopen		sort
photom			ubvopen		ubvopen
photom			ubvopen		ubvref
photom			uvbybeta	means
photom			uvbybeta	number
photom			uvbybeta	print
photom			uvbybeta	refs
photom			uvbybeta	uvbybeta
spectro			bestars		bestars
spectro			bestars		summary
spectro			carbon		carbon
spectro			carbon		descript
spectro			carbon		intro
spectro			carbon		notes
spectro			carbon		tab2note
spectro			carbon		table2
spectro			emline		emline
spectro			feh		cluster
spectro			feh		disp
spectro			feh		dmstars
spectro			feh		hdstars
spectro			feh		refs
spectro			hd		hd
spectro			lsnorth		ls
spectro			lsnorth		lsra
spectro			lsnorth		notes
spectro			mhd		mhd1
spectro			mhd		mhd1rem
spectro			mhd		mhd2
spectro			mhd		mhd2rem
spectro			mhd		mhd3
spectro			mhd		mhd3rem
spectro			mhd		mhd4
spectro			mhd		mhd4rem
spectro			mkclass		mkclass
spectro			mkext		mkext
spectro			mkext		refs
spectro			radvel		radvel
spectro			rotvel		refs
spectro			rotvel		rotvel
spectro			sstars		sstars
spectro			uvbs		uvbs
spectro			wdwarf		intro
spectro			wdwarf		names
spectro			wdwarf		notes
spectro			wdwarf		refs
spectro			wdwarf		wdwarf
